site,submission_url,account_email,status,notes
Business Support Wales,https://businesssupport.wales/,,not-started,
Visit Wales,https://www.visitwales.com/,,ready-to-submit,Short description and long tourism-focused copy in VISITWALES_PAYLOAD.md
Cardiff Council business directory,https://www.cardiff.gov.uk/,,not-started,
Local chamber / tourism pages,https://example.local/,,not-started,
Tourism association listings,https://example.tourism/,,not-started,
Yell,https://www.yell.com/,,ready-to-submit,ALTERNATIVE_DIRECTORY_PAYLOADS.md#Yell
ThomsonLocal,https://www.thomsonlocal.com/,,ready-to-submit,ALTERNATIVE_DIRECTORY_PAYLOADS.md#ThomsonLocal
Yelp,https://www.yelp.co.uk/,,ready-to-submit,ALTERNATIVE_DIRECTORY_PAYLOADS.md#Yelp
TripAdvisor,https://www.tripadvisor.co.uk/,,ready-to-submit,ALTERNATIVE_DIRECTORY_PAYLOADS.md#TripAdvisor
